nG,nO,N,t
1.0,1.0,10.0,0.0
1.0215917997800008,1.0472632265949688,9.999999997928116,0.04008016032064128
1.0436498053777412,1.096760265778105,9.99999999579787,0.08016032064128256
1.0661840830158942,1.148596694739934,9.999999993606517,0.12024048096192384
1.0892049162649973,1.2028830805896598,9.999999991351192,0.16032064128256512
1.1127228107363836,1.259735216194823,9.999999989028904,0.2004008016032064
1.1367484988764434,1.3192743671675011,9.999999986636526,0.24048096192384769
1.1612929448644,1.381627530523873,9.999999984170795,0.280561122244489
1.1863673496158398,1.44692770556887,9.999999981628305,0.32064128256513025
1.2119831558942753,1.51531417758371,9.99999997900549,0.3607214428857715
1.2381520535330781,1.586932814921418,9.999999976298636,0.4008016032064128
1.2648859847701612,1.6619363801440408,9.999999973503854,0.4408817635270541
1.2921971496978477,1.7404848558652108,9.999999970617086,0.48096192384769537
1.3200980118304115,1.82274578599308,9.99999996763409,0.5210420841683366
1.348601303791831,1.9088946331014958,9.99999996455043,0.561122244488978
1.3777200331263522,1.9991151526916915,9.999999961361477,0.6012024048096192
1.4074674882345126,2.093599785142795,9.99999995806239,0.6412825651302605
1.437857244437333,2.1925500661871773,9.999999954648107,0.6813627254509018
1.4689031701714477,2.296177056786196,9.999999951113343,0.721442885771543
1.500619433317998,2.404701793323251,9.99999994745257,0.7615230460921844
1.5330205076681787,2.5183557590744154,9.99999994366001,0.8016032064128256
1.5661211795283854,2.6373813779622948,9.999999939729621,0.8416833667334669
1.599936554467981,2.762032531646278,9.99999993565509,0.8817635270541082
1.6344820642127582,2.8925751010521514,9.999999931429814,0.9218436873747494
1.6697734736872427,3.0292875334961447,9.999999927046892,0.9619238476953907
1.7058268882090541,3.172461436613087,9.999999922499105,1.002004008016032
1.742658760838606,3.3224022003555325,9.999999917778908,1.0420841683366733
1.7802858998874975,3.4794296483905596,9.99999991287841,1.0821643286573146
1.818725476589027,3.6438787202836957,9.999999907789359,1.122244488977956
1.857995032934324,3.8161001859250496,9.999999902503125,1.1623246492985972
1.8981124896776778,3.9964613937215274,9.999999897010683,1.2024048096192383
1.9390961545147172,4.185347054151033,9.999999891302595,1.2424849699398797
1.9809647304371687,4.383160060349959,9.999999885368988,1.282565130260521
2.0237373242680112,4.590322347484297,9.999999879199537,1.3226452905811623
2.067433455380921,4.807275792737397,9.999999872783443,1.3627254509018036
2.112073064607981,5.034483157834052,9.999999866109409,1.4028056112224447
2.1576765233397293,5.272429076111318,9.99999985916562,1.442885771543086
2.204264642821689,5.52162108624147,9.99999985193971,1.4829659318637274
2.25185868365163,5.782590714812058,9.999999844418754,1.5230460921843687
2.300480365481892,6.055894610072184,9.999999836589222,1.56312625250501
2.3501518769312,6.342115729263275,9.99999982843696,1.6032064128256511
2.400895885710492,6.641864582066962,9.999999819947165,1.6432865731462925
2.4527355489673806,6.955780532822291,9.999999811104347,1.6833667334669338
2.505694523853975,7.284533164289945,9.999999801892297,1.723446893787575
2.5597969783228747,7.628823705872347,9.99999979229406,1.7635270541082164
2.6150676021562735,7.989386529336063,9.999999782291896,1.8036072144288577
2.6715316182331983,8.366990715226864,9.999999771867238,1.8436873747494988
2.7292147940400313,8.762441693318632,9.999999761000662,1.8837675350701402
2.78814345342956,9.176582960595153,9.999999749671845,1.9238476953907815
2.848344488633931,9.610297880429293,9.999999737859516,1.9639278557114228
2.9098453725369837,10.06451156679717,9.999999725541421,2.004008016032064
2.9726741712115645,10.54019285754639,9.99999971269427,2.0440881763527052
3.0368595567275447,11.03835638092728,9.99999969929369,2.0841683366733466
3.102430820236388,11.560064719795067,9.999999685314178,2.124248496993988
3.169417885338236,12.106430678099247,9.99999967072904,2.164328657314629
3.237851321737613,12.678619654494536,9.999999655510342,2.2044088176352705
3.307762359193983,13.277852128136338,9.999999639628854,2.244488977955912
3.3791829017735227,13.905406261962936,9.999999623053977,2.284569138276553
3.4521455424086187,14.56262062901719,9.999999605753693,2.3246492985971945
3.526683577771727,15.25089706762299,9.99999958769449,2.3647294589178354
3.6028310234703915,15.971703671506603,9.99999956884129,2.4048096192384767
3.68062262957034,16.726577921240718,9.999999549157382,2.444889779559118
3.760093896453763,17.517129963690724,9.999999528604343,2.4849699398797593
3.841281091019996,18.345046046458158,9.999999507141956,2.5250501002004007
3.924221263236003,19.21209211464705,9.999999484728125,2.565130260521042
4.0089522630442165,20.120117577625027,9.99999946131879,2.6052104208416833
4.095512757635449,21.071059253813736,9.999999436867832,2.6452905811623246
4.183942249094753,22.066945501922753,9.999999411326975,2.685370741482966
4.274281092428294,23.109900547438958,9.999999384645688,2.7254509018036073
4.366570513979449,24.20214901359976,9.99999935677108,2.7655310621242486
4.460852630242547,25.34602066651472,9.99999932764778,2.8056112224448895
4.557170467082835,26.54395538455697,9.999999297217833,2.845691382765531
4.655567979371421,27.79850836262403,9.999999265420568,2.885771543086172
4.756090071044192,29.11235556236887,9.999999232192474,2.9258517034068134
4.858782615593829,30.488299420026415,9.99999919746707,2.9659318637274548
4.96369247700428,31.929274824010385,9.999999161174756,3.006012024048096
5.070867531137252,33.438355375030625,9.999999123242679,3.0460921843687374
5.180356687580475,35.0187599420838,9.999999083594567,3.0861723446893787
5.292209911967701,36.67385952830132,9.999999042150575,3.12625250501002
5.406478248780644,38.40718446129949,9.999998998827119,3.1663326653306614
5.523213844643244,40.22243192336863,9.99999895353669,3.2064128256513023
5.64246997211891,42.123473837563516,9.99999890618768,3.2464929859719436
5.764301054021568,44.11436512651552,9.999998856684181,3.286573146292585
5.88876268825165,46.19935236158322,9.999998804925792,3.3266533066132262
6.015911673168319,48.38288282078955,9.999998750807396,3.3667334669338675
6.1458060335095395,50.66961397486635,9.999998694218945,3.406813627254509
6.278505046871799,53.064423421640065,9.999998635045225,3.44689378757515
6.41406927076158,55.572419289948414,9.999998573165612,3.4869739478957915
6.55256057023092,58.19895113527987,9.999998508453821,3.527054108216433
6.694042146109674,60.94962135037613,9.999998440777635,3.567134268537074
6.838578563847362,63.83029711513651,9.999998369998627,3.6072144288577155
6.986235782977758,66.84712291131336,9.999998295971867,3.6472945891783564
7.1370811872196915,70.00653362869251,9.999998218545617,3.6873747494989977
7.29118361522775,73.31526829071372,9.99999813756101,3.727454909819639
7.44861339200697,76.78038442880866,9.999998052851707,3.7675350701402803
7.609442361005818,80.40927313611627,9.999997964243557,3.8076152304609217
7.773743916902112,84.20967483268528,9.999997871554218,3.847695390781563
7.941593039096862,88.18969577579114,9.999997774592778,3.8877755511022043
8.11306632593129,92.35782535058372,9.999997673159346,3.9278557114228456
8.288242029642667,96.72295417794693,9.999997567044629,3.967935871743487
8.467200092074897,101.29439307819398,9.999997456029494,4.008016032064128
8.650022181160185,106.08189293104857,9.999997339884496,4.04809619238477
8.836791728188361,111.0956654742719,9.999997218369398,4.0881763527054105
9.027593965880975,116.34640508530134,9.999997091232657,4.128256513026052
9.222515967287418,121.84531159235792,9.999996958210899,4.168336673346693
9.421646685520951,127.60411416368218,9.999996819028347,4.208416833667335
9.625076994352627,133.6350963258505,9.99999667339625,4.248496993987976
9.83289972968178,139.9511221645396,9.999996521012264,4.288577154308617
10.045209731901895,146.5656637636225,9.99999636155981,4.328657314629258
10.262103889181235,153.49282994112454,9.999996194707409,4.368737474949899
10.483681181678007,160.74739634333503,9.999996020107966,4.408817635270541
10.710042726710158,168.34483696126125,9.99999583739805,4.448897795591182
10.94129182490054,176.30135713665453,9.999995646197108,4.488977955911824
11.17753400731835,184.6339281280047,9.999995446106668,4.529058116232465
11.418877083638522,193.3603233102379,9.999995236709486,4.569138276553106
11.665431191340883,202.49915608532604,9.999995017568663,4.609218436873747
11.917308845971695,212.06991958467688,9.999994788226722,4.649298597194389
12.174624992490346,222.0930282479842,9.999994548204628,4.68937875751503
12.437497057724789,232.58986136723138,9.999994297000775,4.729458917835671
12.706045003959536,243.58280868872336,9.999994034089923,4.7695390781563125
12.980391383680708,255.09531817041733,9.999993758922079,4.809619238476953
13.260661395503194,267.1519459964216,9.99999347092133,4.849699398797595
13.546982941305282,279.7784089553372,9.99999316948462,4.889779559118236
13.839486684597038,293.00163929417334,9.999992853980466,4.929859719438878
14.138306110148841,306.84984216483105,9.99999252374762,4.969939879759519
14.44357758490754,321.3525557856981,9.999992178093661,5.01002004008016
14.75544042022777,336.54071444666977,9.999991816293525,5.050100200400801
15.074036935447063,352.44671449199564,9.999991437587964,5.090180360721443
15.39951252283357,369.10448342168297,9.999991041181929,5.130260521042084
15.732015713936205,386.54955225886073,9.999990626242884,5.170340681362725
16.071698247367348,404.81913133745525,9.999990191899036,5.210420841683367
16.41871513804909,423.95218967183564,9.999989737237478,5.2505010020040075
16.77322474795472,443.9895380777291,9.999989261302249,5.290581162324649
17.13538885837751,464.97391622169215,9.999988763092302,5.33066132264529
17.50537274376006,486.95008378482834,9.999988241559377,5.370741482965932
17.883345247117607,509.96491593518954,9.999987695605768,5.410821643286573
18.269478857090004,534.067503312519,9.999987124081988,5.4509018036072145
18.663949786657245,559.3092567385876,9.99998652578433,5.490981963927855
19.066938053554743,585.7440168764874,9.999985899452296,5.531062124248497
19.478627562424773,613.4281690727678,9.999985243765929,5.571142284569138
19.89920618874185,642.4207636273906,9.99998455734299,5.611222444889779
20.328865864550124,672.7836417480253,9.99998383873603,5.651302605210421
20.76780266605198,704.5815674573503,9.9999830864293,5.691382765531062
21.21621690308795,737.8823657347258,9.999982298835532,5.731462925851703
21.67431321054849,772.7570671868775,9.99998147429256,5.771543086172344
22.142300641759686,809.2800595561949,9.999980611059781,5.811623246492986
22.62039276388514,847.5292463897889,9.999979707314452,5.851703406813627
23.108807755387932,887.5862132077732,9.999978761147807,5.891783567134269
23.607768505596795,929.5364015251821,9.999977770561,5.9318637274549095
24.11750271642226,973.4692910987393,9.999976733460846,5.971943887775551
24.63824300626887,1019.4785907871823,9.999975647655367,6.012024048096192
25.170227016191227,1067.6624384322758,9.999974510849125,6.052104208416833
25.713697518342002,1118.123610186838,9.999973320638334,6.092184368737475
26.268902526761543,1170.9697397362827,9.999972074505745,6.132264529058116
26.836095410559743,1226.313547881291,9.999970769815283,6.1723446893787575
27.415535009541543,1284.273082971284,9.999969403806436,6.212424849699398
28.007485752329174,1344.9719727015759,9.99996797358838,6.25250501002004
28.612217777034687,1408.5396878112522,9.999966476133816,6.292585170340681
29.23000705453821,1475.1118182442829,9.99996490827253,6.332665330661323
29.861135514427804,1544.8303623628783,9.999963266684638,6.372745490981964
30.505891173658796,1617.8440298300222,9.99996154789352,6.4128256513026045
31.16456826799094,1694.3085588071972,9.99995974825841,6.452905811623246
31.83746738626356,1774.3870481438962,9.999957863966644,6.492985971943887
32.52489560757008,1858.2503052675002,9.999955891025543,6.533066132264529
33.227166641394156,1946.0772105155272,9.9999538252539,6.57314629258517
33.94460097077187,2038.0550986874287,9.999951662273086,6.613226452905812
34.677525998544795,2134.380158629723,9.99994939749771,6.6533066132264524
35.426276196771155,2235.257851706847,9.999947026125863,6.693386773547094
36.19119325936284,2340.90335005025,9.999944543128878,6.733466933867735
36.97262625801833,2451.541995520598,9.999941943240625,6.773547094188377
37.77093180152226,2567.409780361969,9.999939220946288,6.813627254509018
38.58647419848479,2688.7538505733546,9.99993637047062,6.853707414829659
39.41962562359465,2815.8330330710996,9.999933385765631,6.8937875751503
40.27076628746189,2948.918387766736,9.999930260497713,6.933867735470941
41.140284610127985,3088.2937857378274,9.999926988034133,6.973947895791583
42.02857739832211,3234.256514724987,9.999923561428911,7.014028056112224
42.93605002654496,3387.1179132466905,9.999919973408016,7.054108216432866
43.86311662206221,3547.2040346843455,9.999916216353864,7.0941883767535066
44.81020025389262,3714.8563427542217,9.999912282289088,7.134268537074148
45.7777331258764,3890.43243984957,9.99990816285954,7.174348697394789
46.76615677391265,4074.3068298066,9.999903849316487,7.214428857715431
47.77592226745509,4266.871716721177,9.999899332497966,7.254509018036072
48.80749041535885,4468.537841520232,9.999894602809263,7.294589178356713
49.8613319761716,4679.735358072198,9.999889650202464,7.3346693386773545
50.93792787296524,4900.91475070525,9.999884464155036,7.374749498997995
52.03776941280644,5132.547795090461,9.99987903364741,7.414829659318637
53.1613585109656,5375.128564539326,9.999873347139491,7.454909819639278
54.30920791996723,5629.174483862242,9.999867392546061,7.49498997995992
55.48184146358558,5895.227433035637,9.999861157211024,7.535070140280561
56.67979427589309,6173.85490303208,9.99985462788043,7.575150300601202
57.9036130454698,6465.651206278542,9.999847790674226,7.615230460921843
59.153856264886244,6771.238744324923,9.99984063105667,7.655310621242485
60.4310944855726,7091.269335426581,9.999833133805353,7.695390781563126
61.73591057819139,7426.425604872798,9.99982528297874,7.735470941883767
63.06889999863175,7777.422441026585,9.999817061882204,7.775551102204409
64.43067105974708,8145.008520181617,9.999808453032431,7.8156312625250495
65.82184520896026,8529.967903488918,9.999799438120153,7.855711422845691
67.24305731186232,8933.121709359322,9.99978999797112,7.895791583166332
68.69495594193519,9355.329864909212,9.999780112505228,7.935871743486974
70.17820367652942,9797.492940185091,9.999769760693706,7.975951903807615
71.69347739923315,10260.554069079662,9.999758920514298,8.016032064128256
73.24146860876942,10745.50096103651,9.999747568904308,8.056112224448897
74.8228837345632,11253.36800783444,9.99973568171144,8.09619238476954
76.43844445912212,11785.238489945275,9.999723233642303,8.13627254509018
78.08888804737822,12342.246887171315,9.999710198208493,8.176352705410821
79.77496768314013,12925.58129849075,9.99969654767012,8.216432865731463
81.49745281281055,13536.485976273018,9.999682252976667,8.256513026052104
83.25712949652477,14176.263980269207,9.999667283705062,8.296593186372744
85.05480076687135,14846.279957038774,9.999651607994807,8.336673346693386
86.89128699535752,15547.963050740651,9.999635192480058,8.376753507014028
88.7674262667879,16282.809951498019,9.999618002218483,8.41683366733467
90.68407476172631,17052.38808783846,9.999600000616768,8.45691382765531
92.64210714721615,17858.338970019326,9.999581149352592,8.496993987975952
94.64241697593626,18702.381691369123,9.999561408292921,8.537074148296593
96.68591709397596,19586.31659511387,9.999540735408441,8.577154308617233
98.77354005741488,20512.029114509547,9.999519086683947,8.617234468937875
100.9062385578965,21481.493794471222,9.999496416024487,8.657314629258517
103.08498585739163,22496.778503277746,9.999472675157085,8.697394789579159
105.31077623234857,23560.048843334953,9.999447813527816,8.737474949899799
107.58462542743395,24673.57277040604,9.999421778194005,8.77755511022044
109.90757111906952,25839.72543116121,9.999394513711344,8.817635270541082
112.2806733889787,27060.994229365977,9.999365962015673,8.857715430861724
114.70501520795712,28339.984131513604,9.999336062299166,8.897795591182364
117.18170293008932,29679.42322321917,9.999304750880672,8.937875751503006
119.71186679763537,31082.16852822618,9.999271961069924,8.977955911823647
122.29666145681996,32551.212102438694,9.99923762302534,9.018036072144287
124.9372664847582,34089.68741597717,9.999201663605088,9.05811623246493
127.63488692775775,35700.87603687018,9.999164006211126,9.098196392785571
130.39075385124497,37388.21463063969,9.999124570625861,9.138276553106213
133.20612490156432,39155.30229070889,9.999083272841096,9.178356713426853
136.0822848799087,41005.90821526919,9.99904002487889,9.218436873747494
139.02054632864076,42943.97974697998,9.99899473460395,9.258517034068136
142.02225013027515,44973.65079265128,9.99894730552716,9.298597194388778
145.08876611939314,47099.250640867285,9.998897636599818,9.338677354709418
148.2214937077705,49325.31319635986,9.998845621998155,9.37875751503006
151.42186252300138,51656.58665082725,9.99879115089767,9.418837675350701
154.69133306091274,54098.043610827866,9.998734107236794,9.458917835671341
158.03139735206543,56654.891704350965,9.998674369469388,9.498997995991983
161.44357964264503,59332.58468868716,9.998611810305546,9.539078156312625
164.9294370900557,62136.8340832938,9.998546296440143,9.579158316633267
168.4905604735323,65073.6213524664,9.998477688268554,9.619238476953907
172.12857492009698,68149.21066380326,9.998405839588948,9.659318637274549
175.84514064618864,71370.1622496749,9.99833059729049,9.69939879759519
179.6419537153073,74743.34640020103,9.998251801026834,9.739478957915832
183.52074681201626,78275.95811757987,9.99816928287416,9.779559118236472
187.48329003265758,81975.53246302939,9.99808286697307,9.819639278557114
191.5313916931386,85849.96062907283,9.997992369153536,9.859719438877756
195.66689915416163,89907.50677145371,9.997897596542153,9.899799599198396
199.89169966427195,94156.82563658168,9.997798347150795,9.939879759519037
204.20772122110702,98606.98102210647,9.99769440944586,9.97995991983968
208.61693345124345,103267.46511000014,9.99758556189714,10.02004008016032
213.12134850904033,108148.21871338195,9.997471572505376,10.06012024048096
217.72302199489138,113259.65248027485,9.997352198307478,10.100200400801603
222.42405389330185,118612.66909951757,9.997227184858371,10.140280561122244
227.2265895312222,124218.68655620221,9.997096265688342,10.180360721442886
232.13282055707262,130089.66248623723,9.996959161734743,10.220440881763526
237.14498594090787,136238.11968198736,9.99681558074684,10.260521042084168
242.26537299617513,142677.1728033897,9.996665216662526,10.30060120240481
247.4963184235356,149420.55635152562,9.996507748955583,10.34068136272545
252.84020937722397,156482.65396431417,9.996342841952089,10.380761523046091
258.29948455443053,163878.52909681175,9.996170144114519,10.420841683366733
263.8766353082073,171623.95715156465,9.995989287292012,10.460921843687375
269.57420678440224,179735.45912754402,9.995799885935204,10.501002004008015
275.39479908314365,188230.33685944,9.995601536273945,10.541082164328657
281.34106844540054,197126.70992247513,9.995393815456163,10.581162324649299
287.4157284651652,206443.5542814619,9.995176280646026,10.62124248496994
293.62155132780794,216200.74276653706,9.994948468079476,10.66132264529058
299.96136907517126,226419.0874619126,9.994709892075132,10.701402805611222
306.4380748979774,237120.38409805117,9.994460043998437,10.741482965931864
313.05462445614324,248327.45854196305,9.99419839117686,10.781563126252504
319.8140372276037,260064.21548478474,9.993924375763816,10.821643286573146
326.71939788625593,272355.6894304851,9.993637413548901,10.861723446893787
333.7738577096585,285228.0980944672,9.99333689271189,10.901803607214429
340.9806360171237,298708.8983259576,9.993022172517845,10.941883767535069
348.34302163886287,312826.844673471,9.99269258195056,10.98196392785571
355.8643744168498,327612.05071826256,9.992347418281406,11.022044088176353
363.54812673809374,343096.0533066024,9.991985945570544,11.062124248496994
371.3977851010168,359311.8798178714,9.9916073930973,11.102204408817634
379.4169317156538,376294.1186119679,9.991210953716358,11.142284569138276
387.6092261384005,394078.9928062796,9.99079578213625,11.182364729458918
395.97840694206167,412704.4375395993,9.990360993116502,11.222444889779558
404.5282934219585,432210.18088778283,9.98990565957956,11.2625250501002
413.26278733887096,452637.2057498048,9.989428825166733,11.302605210420841
422.18587469961705,474026.3868705849,9.988929536040967,11.342685370741483
431.3016275760754,496426.3047651113,9.988406658561892,11.382765531062123
440.61420596348665,519884.7213752778,9.98785907818713,11.422845691382765
450.1278596788744,544451.6556134868,9.987285627709559,11.462925851703407
459.8469303004611,570179.4900148471,9.98668508476872,11.503006012024048
469.77585314895634,597123.0824291707,9.986056169244623,11.543086172344688
479.9191593116278,625339.882990934,9.985397540528405,11.58316633266533
490.28147771007093,654890.0566165944,9.984707794664002,11.623246492985972
500.8675372126294,685836.6112904768,9.983985461354772,11.663326653306612
511.68216879242675,718245.5324127555,9.98322900082865,11.703406813627254
522.7303077319896,752185.9234959828,9.982436800555186,11.743486973947896
534.016995875477,787730.153510185,9.981607171807433,11.783567134268537
545.5473839295375,824954.0111906818,9.980738346061381,11.823647294589177
557.3267338138476,863936.8666376662,9.979828471225245,11.863727454909819
569.3604210623981,904761.8405520875,9.978875607690572,11.90380761523046
581.6539372766346,947515.9814687223,9.977877724196745,11.943887775551103
594.2128926315604,992290.4513643095,9.976832693500064,11.983967935871743
607.0430184359564,1039180.7200365309,9.975738287838187,12.024048096192384
620.1501697478731,1088286.7686682693,9.974592174180223,12.064128256513026
633.5403280466022,1139713.3030112276,9.973391909252399,12.104208416833666
647.2196039623407,1193569.9766434531,9.97213493432864,12.144288577154308
661.1942400647871,1249971.6247767785,9.970818569775009,12.18436873747495
675.4706137119559,1309038.5091127616,9.96944000933633,12.224448897795591
690.0552399604983,1370896.5742691732,9.967996314152835,12.264529058116231
704.954774538866,1435677.7163238286,9.96648440649407,12.304609218436873
720.176016884665,1503520.0640483154,9.964901063196711,12.344689378757515
735.7259132475974,1574568.2734313335,9.963242908792274,12.384769539078157
751.6115598593973,1648973.836119592,9.961506408310088,12.424849699398797
767.8402061722157,1726895.402433973,9.959687859740175,12.464929859719438
784.419258166921,1808499.1196496533,9.957783386139972,12.50501002004008
801.3562817328375,1893958.9862615415,9.955788927368062,12.54509018036072
818.659006120459,1983457.2229903827,9.953700231427273,12.585170340681362
836.3353274687067,2077184.661320565,9.951512845398726,12.625250501002004
854.3933124083527,2175341.1503981557,9.949222105947454,12.665330661322646
872.8412017432449,2278135.9831567095,9.94682312937939,12.705410821643286
891.6874142110206,2385788.3425794994,9.94431080122848,12.745490981963927
910.9405503250119,2498527.769049637,9.941679765351775,12.785571142284569
930.6093962991127,2616594.649784666,9.938924412509184,12.825651302605209
950.7029280573909,2740240.7313991855,9.936038868403594,12.86573146292585
971.2296471023533,2869729.6566883577,9.933016981171413,12.905811623246493
992.1961472605767,3005337.5267769466,9.929852308299205,12.945891783567134
1013.6152634712398,3147353.4898324413,9.926538102696913,12.985971943887774
1035.496766620729,3296080.357597607,9.923067298529215,13.026052104208416
1057.850638525244,3451811.5018064417,9.919433050222741,13.066132264529058
1080.6870764842665,3614895.5594722265,9.915627222675909,13.1062124248497
1104.0164979323213,3785684.675728491,9.911641598925861,13.14629258517034
1127.8495451911638,3964542.8832632555,9.907467684628221,13.186372745490981
1152.1970903245453,4151851.413828792,9.903096584121753,13.226452905811623
1177.0702400977907,4348009.510827498,9.898518981467909,13.266533066132263
1202.480341044441,4553435.280289151,9.89372512059457,13.306613226452905
1228.4389846422634,4768566.582053304,9.88870478450168,13.346693386773547
1254.958012601009,4993861.963056506,9.88344727348441,13.386773547094188
1282.0495222643137,5229801.634713498,9.877941382327478,13.426853707414828
1309.7258721282221,5476888.496475759,9.87217537642198,13.46693386773547
1337.9996874788276,5735649.207748923,9.866136966753862,13.507014028056112
1366.8838661516304,6006635.3104540445,9.85981328371068,13.547094188376754
1396.391584415218,6290415.748663938,9.85319105162329,13.587174348697394
1426.536302981967,6587557.925832825,9.846257030763672,13.627254509018035
1457.3317731484897,6898736.293450875,9.838995483609525,13.667334669338677
1488.7920430686484,7224613.883081625,9.831390939096574,13.707414829659317
1520.9314641619903,7565885.0461012395,9.82342719535784,13.747494989979959
1553.7646976605129,7923276.933161414,9.81508728520269,13.7875751503006
1587.3067212967703,8297551.043538245,9.806353439965196,13.827655310621243
1621.5728361363526,8689504.847668042,9.79720705164482,13.867735470941883
1656.5786735578708,9099960.964275977,9.787628925439906,13.907815631262524
1692.3402023836072,9529739.756212233,9.77759991917801,13.947895791583166
1728.8737361641142,9979816.41653752,9.76709727797373,13.987975951903808
1766.1959406200615,10451149.58599647,9.75609863315416,14.028056112224448
1804.323841244744,10944743.180633614,9.744580559614327,14.06813627254509
1843.2748310706934,11461648.530084148,9.732518525923574,14.108216432865731
1883.0666786039662,12002950.100127865,9.71988722746577,14.148296593186371
1923.7175359297153,12569729.345220862,9.706661429880057,14.188376753507013
1965.239186347197,13163271.903498406,9.692811134668334,14.228456913827655
2007.6556615859877,13784841.538478328,9.678306853454444,14.268537074148297
2050.9876271041185,14435761.688585572,9.663117705526275,14.308617234468937
2095.254842262711,15117314.274430137,9.647213778941875,14.348697394789578
2140.477492896389,15831023.075083263,9.630559518385244,14.38877755511022
2186.6762005180212,16578427.031032017,9.613119014763846,14.428857715430862
2233.8720317221196,17361093.046186227,9.594855706494899,14.468937875751502
2282.0865077912067,18180583.565393556,9.575733136029791,14.509018036072144
2331.3416145095007,19038756.252208885,9.555707957372572,14.549098196392785
2381.659812188432,19937409.57452012,9.53473820574845,14.589178356713425
2433.0640459085444,20878336.820077956,9.512782037241188,14.629258517034067
2485.5777559824282,21863670.239774108,9.489789698783037,14.669338677354709
2539.2161534521615,22895474.03568307,9.465713025304002,14.70941883767535
2594.0102748074864,23975806.393038224,9.440503991757783,14.74949899799599
2649.986806620868,25107080.1281898,9.414106298473522,14.789579158316633
2707.1712643026567,26291550.95776631,9.386467311467857,14.829659318637274
2765.589713864024,27531901.289816007,9.357524440611456,14.869739478957916
2825.2687837984527,28830568.977626003,9.327220802039621,14.909819639278556
2886.235677219638,30190452.706025206,9.295488759138268,14.949899799599198
2948.508041059459,31614262.079559572,9.262265087389563,14.98997995991984
3012.121898206789,33105128.496933106,9.227476719983212,15.03006012024048
3077.108219924273,34666062.73179927,9.191053404811301,15.070140280561121
3143.496617040127,36300346.55434154,9.152918566545297,15.110220440881763
3211.3173392341423,38011571.82665205,9.11298839436389,15.150300601202405
3280.5990316946977,39803191.67310395,9.07118231469665,15.190380761523045
3351.363894114672,41678970.13996409,9.027412499279356,15.230460921843687
3423.6552051206936,43642786.84000568,8.981588422804132,15.270541082164328
3497.505891298163,45699008.27334496,8.933608199499979,15.31062124248497
3572.9471312141777,47851713.10283975,8.883376659839378,15.35070140280561
3650.003083068862,50105409.9072083,8.830788603088545,15.390781563126252
3728.7208618407035,52464817.067171,8.775733932597987,15.430861723446894
3809.1363073141165,54934872.487110965,8.718097429762501,15.470941883767534
3891.2726457931954,57520427.16334606,8.657765904126057,15.511022044088175
3975.1773536689184,60227175.830693476,8.594606477435137,15.551102204408817
4060.8884443130573,63060689.01417259,8.528489169885642,15.591182364729459
4148.433330116851,66026874.74453053,8.459276126787183,15.631262525050099
4237.865514016988,69131534.54323064,8.386831978057211,15.67134268537074
4329.210789527509,72381481.82190008,8.310997743489244,15.711422845691382
4422.52192836804,75783065.49741545,8.231625280458154,15.751503006012024
4517.828739200024,79343197.18024303,8.148553317357523,15.791583166332664
4615.186267989418,83069204.79372203,8.061610868025031,15.831663326653306
4714.625596462817,86968752.03857383,7.970619112051937,15.871743486973948
4816.200828712628,91049853.64315967,7.875391037847382,15.911823647294588
4919.947544516049,95320891.30010712,7.775731071753194,15.95190380761523
5025.911798732519,99790493.0026711,7.671437892852145,15.991983967935871
5134.151212289237,104467087.01520294,7.562314840298214,16.03206412825651
5244.700048668567,109360437.72963823,7.448134077480088,16.072144288577153
5357.607111950045,114480005.15583086,7.328674869695747,16.112224448897795
5472.922227443028,119836105.37347156,7.203696507256483,16.152304609218437
5590.6962628399715,125438827.83327942,7.072963568458603,16.19238476953908
5710.981149803301,131299159.3161537,6.936219693869385,16.23246492985972
5833.813850820395,137428738.85488546,6.79319330519458,16.27254509018036
5959.259756560416,143839127.95874417,6.643614632358783,16.312625250501
6087.3738380701925,150542316.14685726,6.4872039186330275,16.352705410821642
6218.195096331774,157550731.72519052,6.323671169301423,16.392785571142284
6351.775338565041,164877252.45931464,6.152715901958483,16.432865731462925
6488.171604267433,172534741.2569154,5.9740379807606185,16.472945891783567
6627.442087529243,180537188.52362397,5.7873109615519045,16.51302605210421
6769.646159884541,188898065.46671033,5.592220514777372,16.55310621242485
6914.820605836924,197631458.060323,5.388437966848583,16.59318637274549
7063.015973332127,206751554.10812473,5.1756322678339535,16.63326653306613
7214.293089382795,216271384.5594696,4.953499360829258,16.673346693386772
7368.693682768564,226205273.31937173,4.721705020410495,16.713426853707414
7526.2485940077,236566151.50098953,4.479947519884354,16.753507014028056
7687.008335568399,247366526.55351087,4.227935017591161,16.793587174348698
7851.007423128536,258617282.58529663,3.9654135501971286,16.83366733466934
8018.273655559304,270326548.4400627,3.6921934440335784,16.873747494989978
8188.827431079966,282500264.5538138,3.408136088451107,16.91382765531062
8362.634996672024,295140155.4565538,3.113201245203863,16.95390781563126
8539.673321869881,308239536.159851,2.807544897892627,16.993987975951903
8719.877609427193,321780364.5102172,2.491588031610727,17.034068136272545
8903.100468249291,335728420.48013437,2.1661291171060397,17.074148296593187
9089.078797128475,350020891.8899068,1.832633778043826,17.11422845691383
9277.36531616203,364545900.49501246,1.4937125172328,17.154308617234467
9467.135468239709,379105663.511535,1.1539802855373409,17.19438877755511
9656.707108137567,393329547.77813196,0.8220852293054914,17.23446893787575
9842.372231352274,406466033.505172,0.5155628968154229,17.274549098196392
10015.379500806452,416904739.4363325,0.2719890549125278,17.314629258517034
10157.220912307268,423061678.85885453,0.12832382541461074,17.354709418837675
10253.252299149719,425368176.6444459,0.0745033030123792,17.394789579158317
10322.099750515858,426026825.21782553,0.059133229853642645,17.43486973947896
10381.651893142425,426207234.0025553,0.05492230198733295,17.474949899799597
10438.617434203545,426256116.16790336,0.05378038892736034,17.51503006012024
10495.075996063859,426269370.53985673,0.05346980287617063,17.55511022044088
10551.614869974048,426272873.6370917,0.05338674469451993,17.595190380761522
10608.39993869827,426273883.84105694,0.053361848278007634,17.635270541082164
10665.472259457312,426274014.19013983,0.053357475106260405,17.675350701402806
10722.851624616607,426274071.217914,0.053354805600738,17.715430861723448
10780.539686049815,426274054.9242616,0.05335383972564262,17.755511022044086
10838.538104517558,426274038.6306099,0.05335286660892391,17.795591182364728
10896.848549715198,426274022.3369588,0.05335188621162174,17.83567134268537
10955.472700320925,426274006.0433084,0.053350898494566416,17.87575150300601
11014.408454967535,426273769.7853899,0.053355036006391285,17.915831663326653
11073.665068212278,426273753.4917491,0.05335403353175598,17.955911823647295
11133.240477171525,426273737.1981089,0.05335302361859209,17.995991983967937
11193.136396940043,426273720.9044694,0.05335200622688022,18.036072144288575
11253.354551839682,426273704.6108304,0.05335098131638569,18.076152304609217
11313.89667546899,426273468.353079,0.05335508134262995,18.11623246492986
11374.764510753135,426273452.05944973,0.05335404127280282,18.1563126252505
11435.95980999408,426273435.76582104,0.05335299356218555,18.196392785571142
11497.484334921028,426273419.472193,0.05335193816967063,18.236472945891784
11559.339856741144,426273403.17856556,0.05335087505392939,18.276553106212425
11621.524158259574,426273166.92098117,0.05335493675903918,18.316633266533067
11684.047004146025,426273150.6273634,0.053353858072274496,18.356713426853705
11746.906217810452,426273134.33374625,0.053352771536961406,18.396793587174347
11810.103608883881,426273118.0401297,0.05335167711087471,18.43687374749499
11873.640996733007,426273028.4252437,0.05335228558119875,18.47695390781563
11937.520210512574,426273012.1316312,0.053351175245913984,18.517034068136272
12001.743089218022,426272775.8742636,0.05335518937944704,18.557114228456914
12066.311481738441,426272759.58066076,0.05335406296319076,18.597194388777556
12131.227246909782,426272743.2870586,0.05335292844160292,18.637274549098194
12196.492253568404,426272726.993457,0.0533517857710769,18.677354709418836
12262.108380604828,426272637.37865317,0.05335234573583872,18.717434869739478
12328.077517017862,426272621.08505565,0.05335118663561143,18.75751503006012
12394.40156196897,426272384.82790476,0.05335515173714001,18.79759519038076
12461.082424836954,426272368.5343169,0.05335397602982256,18.837675350701403
12528.122025272909,426272352.24072963,0.05335279195198952,18.877755511022045
12595.522293255495,426272335.947143,0.053351599458607665,18.917835671342683
12663.285169146517,426272246.3324214,0.05335210933089927,18.957915831663325
12731.412603746745,426272230.03883886,0.05335089987028421,18.997995991983966
12799.902155046271,426271993.7819047,0.053354814438523746,19.03807615230461
12868.764577814882,426271977.4883318,0.05335358782804023,19.07815631262525
12937.997474764632,426271961.1947595,0.05335235257318436,19.118236472945892
13007.602839016203,426271944.90118784,0.05335110862744961,19.158316633266534
13077.578175583685,426271708.6444117,0.053354988523836966,19.198396793587175
13147.934472546587,426271692.3508496,0.05335372705619123,19.238476953907814
13218.669280611159,426271676.0572882,0.05335245675664348,19.278557114228455
13289.784636136046,426271659.7637274,0.053351177577678245,19.318637274549097
13361.277990010103,426271423.50710934,0.05335502205012632,19.35871743486974
13433.1605686839,426271407.2135582,0.05335372496913686,19.39879759519038
13505.429869729662,426271390.9200077,0.053352418864647574,19.438877755511022
13578.087973682002,426271374.6264578,0.05335110368811222,19.478957915831664
13651.132276130358,426271138.36999774,0.05335491196821879,19.519038076152302
13724.574247067496,426271122.0764575,0.05335357850130013,19.559118236472944
13798.411329778955,426271105.7829179,0.05335223581512747,19.599198396793586
13872.645649933645,426271089.4893789,0.05335088386010149,19.639278557114228
13947.274546621957,426270853.23307693,0.05335465516279532,19.67935871743487
14022.309738662132,426270836.9395476,0.05335328452060217,19.71943887775551
14097.748613875367,426270820.64601886,0.05335190445915433,19.759519038076153
14173.593344043984,426270731.0316158,0.053352225748192726,19.79959919839679
14249.846112634339,426270714.7380911,0.05335082669587167,19.839679358717433
14326.50418638606,426270478.4819968,0.05335455064642195,19.879759519038075
14403.57960275479,426270462.18848175,0.053353132398826254,19.919839679358716
14481.06967853597,426270445.8949674,0.053351704475861926,19.95991983967936
14558.9766445632,426270356.2806431,0.05335197764438803,20.0
