	Cx	Mu	v1	v2	v3	v4	v5	v6	vd	gR	gP1	gP2	gP3	gP4	gP5	gP6	gP	R	PSU	Tc	CB	Mc	Tn	Mq	Pq	Q
0	0.1	5.814433097839355e-06	668870.5794513224	487191.34926795936	162397.1164226531	80995.05305290219	161990.10610580439	407.0103168487549	0.0	0.5503876940262452	0.13345297130030243	21.387198371543004	3.5791933994859098	0.04709403172320491	0.39558986647492117	2.3665342574474835e-05	16.199010610580448	94658.8746942104	22952.017686796255	3678294.686973093	615570.4845612445	8099.505305290219	68035.84456443784	4.070103168487549	2786000.0000000005	70000000.0
1	0.13	6.892681121826171e-06	792908.1887006756	577537.7511978148	192512.58373260495	96015.04802703855	192030.0960540771	482.4876785278319	0.0	0.652453438618093	0.18753825308042407	23.165098147874527	4.143638724767123	0.06618011089472017	0.5559129315156495	3.325633713302522e-05	19.20300960540771	94658.87469421039	27208.317020001214	3360825.452162668	601165.011340216	9601.504802703854	80652.64034271237	4.824876785278319	2786000.0	70000000.0
2	0.16	7.797479629516601e-06	896992.8160309795	653350.8181571962	217783.6060523987	108618.89123916626	217237.78247833252	545.8235740661621	0.0	0.73810064718107	0.24000593970359288	24.135144932472667	4.587911465925239	0.08469535918180782	0.7114410171271857	4.256048200090845e-05	21.723778247833252	94658.87469421039	30779.938019340727	3095249.5010197167	588383.898889347	10861.889123916626	91239.86864089966	5.458235740661621	2786000.0	70000000.0
3	0.19	8.567571640014649e-06	985581.313073635	717876.8277168272	239292.27590560904	119346.27294540402	238692.54589080805	599.7300148010254	0.0	0.8109966903058172	0.28975369392903844	24.58565917660209	4.944899940004651	0.1022507743428491	0.8589065044799324	5.1382298664748305e-05	23.86925458908081	94658.87469421039	33819.815707843096	2869618.161320686	577164.7028791226	11934.627294540402	100250.86927413938	5.997300148010254	2786000.0	70000000.0
4	0.22	9.229183197021486e-06	1061690.625548363	773313.2600784304	257771.08669281015	128562.52193450929	257125.04386901858	646.042823791504	0.0	0.873624095776769	0.33623275997556096	24.687703893944384	5.244083454664897	0.11865270672046795	0.9966827364519307	5.9624475738928615e-05	25.712504386901866	94658.8746942104	36431.47533186605	2674960.8678167523	568206.6703754789	12856.25219345093	107992.51842498781	6.46042823791504	2786000.0000000005	70000000.0
5	0.25	9.804964065551758e-06	1127926.2974858286	821557.9390525821	273852.6463508607	136583.14943313604	273166.2988662721	686.347484588623	0.0	0.9281268648622996	0.3794945163821689	24.568805514046957	5.493197878020935	0.13391928721517848	1.1249220126074992	6.729612422873288e-05	27.316629886627197	94658.87469421039	38704.32505871846	2505751.714110376	560246.6099106316	13658.314943313604	114729.84552383427	6.8634748458862305	2786000.0	70000000.0
6	0.28	1.031041145324707e-05	1186071.0695385938	863909.3756675725	287969.79188919085	143624.03154373175	287248.0630874635	721.7288017272949	0.0	0.9759719457986662	0.41962899199181003	24.304098202814835	5.70409775461582	0.14808228597900103	1.2438912022236086	7.441320903467386e-05	28.72480630874634	94658.8746942104	40699.538897611674	2357238.439321519	553236.6754208845	14362.403154373174	120644.18649673466	7.217288017272949	2786000.0000000005	70000000.0
7	0.31	1.07574462890625e-05	1237496.280670166	901366.4245605471	300455.4748535157	149851.22680664065	299702.4536132813	753.021240234375	0.0	1.0182877603060656	0.45680606863387	23.94385447795128	5.8855759089013695	0.16120165237225595	1.35409387992695	8.100585546344519e-05	29.970245361328125	94658.87469421039	42464.17377870824	2225793.5419390285	547116.4578237733	14985.122680664066	125875.03051757815	7.53021240234375	2786000.0	70000000.0
8	0.33999999999999997	1.1156797409057618e-05	1283436.1359477043	934828.0549049384	311609.3516349795	155414.18790817272	310828.37581634545	780.9758186340332	0.0	1.0560898879326763	0.49135183931535154	23.528147348274313	6.038448879430008	0.17339246089846952	1.456496671547144	8.713188989872833e-05	31.08283758163453	94658.8746942104	44040.580939154526	2108862.1120943762	541234.967171467	15541.418790817272	130547.91784286509	7.809758186340332	2786000.0000000005	70000000.0
9	0.37	1.1514425277709961e-05	1324576.3048529625	964793.6940193176	321597.8980064392	160395.94411849976	320791.8882369995	806.0097694396973	0.0	1.089942539538596	0.5233569835954941	23.07378649799983	6.173732378904393	0.1846867113400208	1.5513683752561747	9.280739263317628e-05	32.07918882369996	94658.8746942104	45452.28884403179	2003902.5779833663	536173.7325140949	16039.594411849976	134732.5930595398	8.060097694396973	2786000.0000000005	70000000.0
10	0.4	1.1836290359497071e-05	1361602.456867695	991762.76922226	330587.58974075335	164879.52470779425	329759.0494155885	828.5403251647949	0.0	1.120409925983924	0.553024934460122	22.597174800688094	6.295333772006521	0.19515619287773245	1.6393120201729525	9.80684386320263e-05	32.975904941558845	94658.8746942104	46722.825958421345	1909143.3307528507	531867.129041435	16487.952470779426	138498.80075454718	8.28540325164795	2786000.0000000005	70000000.0
11	0.42999999999999994	1.2128353118896485e-05	1395200.2614736562	1016234.707832337	338744.902610779	168947.95894622814	337895.9178924563	848.9847183227541	0.0	1.1480562581287583	0.5806536470462	22.113797648952737	6.401685939808295	0.20490605048166813	1.7212108240460122	0.00010296786456365228	33.78959178924561	94658.8746942104	47875.720747404455	1823314.1327736003	527828.1294295595	16894.795894622814	141916.28551483163	8.48984718322754	2786000.0000000005	70000000.0
12	0.45999999999999996	1.239299774169922e-05	1425643.9864635458	1038409.2807769775	346136.4269256592	172634.45854187012	345268.91708374023	867.5098419189455	0.0	1.1731072203171389	0.6062702158338467	21.62552172341066	6.501884038444741	0.2139458454848864	1.7971451020730458	0.00010751047511803338	34.52689170837403	94658.8746942104	48920.38459701359	1744979.0740013125	524641.751250191	17263.44585418701	145012.9451751709	8.675098419189455	2786000.0000000005	70000000.0
13	0.49	1.2636184692382814e-05	1453619.3013191218	1058785.915374756	352928.638458252	176022.0527648926	352044.1055297852	884.5329284667971	0.0	1.1961270234091643	0.6302972642263169	21.1470339479547	6.586794507056872	0.22242471686695361	1.8683676216824103	0.00011177121450600684	35.20441055297852	94658.87469421039	49880.34597233014	1673529.9825668335	521264.5009080503	17602.20527648926	147858.5243225098	8.84532928466797	2786000.0	70000000.0
14	0.52	1.286029815673828e-05	1479400.4738330853	1077564.382553101	359188.12751770037	179143.95332336432	358287.90664672863	900.2208709716797	0.0	1.217341351748874	0.6528532450273786	20.680100408358513	6.659560477818659	0.2303844652715271	1.9352295082808275	0.00011577108807614422	35.82879066467286	94658.8746942104	50765.01625938662	1608057.6170407813	517838.7310040177	17914.395332336433	150480.92079162603	9.002208709716797	2786000.0000000005	70000000.0
15	0.5499999999999999	1.3065338134765628e-05	1502987.5040054317	1094744.6823120124	364914.89410400414	182000.16021728527	364000.32043457055	914.573669433594	0.0	1.2367502053362682	0.6738369157572798	20.21953698906809	6.73122887725914	0.23778936338203513	1.997430652409095	0.00011949214240303268	36.400032043457045	94658.8746942104	51574.395458182866	1547570.8918137997	515197.44899276487	18200.016021728527	152880.13458251962	9.14573669433594	2786000.0000000005	70000000.0
16	0.58	1.3256072998046877e-05	1524928.9274215705	1110726.3565063481	370242.1188354494	184657.09686279309	369314.19372558617	927.9251098632815	0.0	1.2548049528594252	0.6936545926445955	19.775680115940474	6.791173052397698	0.2447827955620598	2.056175482721302	0.00012300642993068328	36.9314193725586	94658.87469421039	52327.30634078412	1491820.3995145608	512306.5521288466	18465.709686279308	155111.96136474618	9.279251098632814	2786000.0	70000000.0
17	0.61	1.3432502746582032e-05	1545224.7440814977	1125509.405136109	375169.80171203637	187114.7632598878	374229.5265197756	940.2751922607424	0.0	1.2715055943183458	0.7122416528299087	19.3441271823078	6.847363400993526	0.25134195714144897	2.1112724399881713	0.0001263024910258537	37.422952651977546	94658.8746942104	53023.748907190224	1440098.5093585788	509760.80408663023	18711.47632598878	157176.40113830575	9.402751922607424	2786000.0000000005	70000000.0
18	0.64	1.3597011566162108e-05	1564149.221777915	1139293.5991287234	379764.5330429078	189406.37111663818	378812.74223327637	951.7908096313474	0.0	1.2870778140570684	0.7297942311792432	18.92805126138004	6.896627578207019	0.2575360618777722	2.1633029197732863	0.0001294151064712423	37.88127422332763	94658.87469421039	53673.13454343372	1392074.3664354088	507216.423597826	18940.63711166382	159101.35173797607	9.517908096313475	2786000.0	70000000.0
19	0.6699999999999999	1.3749599456787108e-05	1581702.3605108263	1152078.938484192	384026.31282806396	191531.92043304443	383063.84086608887	962.4719619750974	0.0	1.3015216120755941	0.7462658800123964	18.524072928783557	6.944875057651008	0.26334871891435796	2.212129238880607	0.00013233603965545623	38.30638408660888	94658.87469421039	54275.46324951473	1347244.5497050215	505096.53604657284	19153.192043304443	160886.81316375732	9.624719619750975	2786000.0	70000000.0
20	0.7	1.3890266418457029e-05	1597884.1602802274	1163865.4232025146	387955.1410675049	193491.41120910645	386982.8224182129	972.318649291992	0.0	1.3148369883739224	0.761613517423089	18.12946375822548	6.997245752861245	0.2687647251377711	2.2576236911572773	0.00013505765082300053	38.69828224182128	94658.87469421039	54830.7350254331	1305191.9388771057	503751.73103688523	19349.141120910645	162532.7854156494	9.72318649291992	2786000.0	70000000.0
21	0.73	1.4023780822753905e-05	1613243.1566715238	1175052.59513855	391684.19837951666	195351.26686096194	390702.5337219239	981.6646575927732	0.0	1.3274753116401325	0.7763252703848355	17.754084738188553	7.038106905903492	0.27395633499054384	2.3012332139205682	0.0001376664999952481	39.070253372192376	94658.87469421039	55357.77264325395	1265998.4466800953	501869.4312794737	19535.126686096195	164095.06416320804	9.816646575927733	2786000.0	70000000.0
22	0.7599999999999999	1.4150142669677735e-05	1627779.3496847155	1185640.4542922971	395213.48476409906	197111.4873886108	394222.9747772216	990.5099868774414	0.0	1.3394365818742244	0.7903785208968404	17.39508090466302	7.071352616427116	0.27891556683812263	2.34289076144023	0.00014015857630056416	39.42229747772217	94658.87469421039	55856.57610297727	1229321.9447135925	499737.19569487305	19711.14873886108	165573.64940643308	9.905099868774414	2786000.0	70000000.0
23	0.7899999999999999	1.4266967773437499e-05	1641218.4715271003	1195429.2297363284	398476.40991210943	198738.8610839844	397477.7221679688	998.6877441406248	0.0	1.350495114732158	0.8034832963159704	17.044355897151846	7.110493658023496	0.2835400926414878	2.3817367781884973	0.0001424824586138129	39.747772216796875	94658.87469421039	56317.734018570525	1194672.6289580143	498388.5693820619	19873.88610839844	166940.6433105469	9.986877441406248	2786000.0	70000000.0
24	0.82	1.4379024505615233e-05	1654109.0577840805	1204818.4633255005	401606.1544418335	200299.81136322021	400599.62272644043	1006.5317153930662	0.0	1.361102278902013	0.8161544254222329	16.711432121096674	7.138417508694413	0.2880115896061852	2.419297352691956	0.00014472944201315838	40.05996227264404	94658.8746942104	56760.06916209871	1162209.0298664279	496446.5778542035	20029.98113632202	168251.84154510498	10.065317153930662	2786000.0000000005	70000000.0
25	0.85	1.4483928680419922e-05	1666176.840662955	1213608.3841323848	404536.12804412824	201761.12651824945	403522.2530364989	1013.8750076293945	0.0	1.3710323900397496	0.8281066027790087	16.388729642086474	7.167892496521968	0.29222937669715054	2.4547267642560646	0.00014684893301364355	40.35222530364991	94658.8746942104	57174.17014752934	1131511.3463822529	494885.9287198695	20176.112651824944	169479.34627532953	10.138750076293945	2786000.0000000005	70000000.0
26	0.88	1.4581680297851562e-05	1677421.820163727	1221798.9921569831	407266.3307189944	203122.80654907232	406245.61309814465	1020.7176208496091	0.0	1.3802854481453675	0.8393220570999601	16.07478470425577	7.201323160196076	0.29618718263009225	2.487972334092775	0.00014883778021612668	40.62456130981445	94658.87469421039	57560.03697486251	1102395.9088325505	493860.9963391603	20312.280654907234	170623.15750122076	10.207176208496092	2786000.0	70000000.0
27	0.9099999999999999	1.4674663543701171e-05	1688118.2640790932	1229590.058326721	409863.3527755737	204418.06316375727	408836.12632751453	1027.226448059082	0.0	1.3890871375629061	0.8500604241858807	15.77347157174485	7.2307519291090525	0.2999766299183192	2.5198036913138813	0.00015074202508458256	40.88361263275146	94658.87469421036	57927.08103013057	1074877.902636161	492737.15254703193	20441.806316375725	171711.1730575561	10.27226448059082	2785999.9999999995	70000000.0
28	0.94	1.4765262603759766e-05	1698540.440201758	1237181.3535690305	412393.7845230102	205680.1080703735	411360.216140747	1033.5683822631836	0.0	1.3976631426364063	0.8605891035560951	15.488344825974034	7.247976932100047	0.3036920808028753	2.5510134787441525	0.00015260908583059063	41.13602161407471	94658.87469421039	58284.71369936612	1048971.8497814015	490880.32679178036	20568.01080703735	172771.29077911374	10.335683822631836	2786000.0	70000000.0
29	0.97	1.4848709106445311e-05	1708139.8129463203	1244173.3360290525	414724.4453430175	206842.51785278314	413685.0357055663	1039.4096374511719	0.0	1.4055620946777876	0.8703439017463213	15.208023509109063	7.274934615245081	0.3071344378440698	2.579929277890186	0.00015433891348948234	41.36850357055664	94658.8746942104	58614.112210504216	1024198.3596074211	489937.17656488286	20684.251785278313	173747.71499633783	10.394096374511719	2786000.0000000005	70000000.0
30	0.9999999999999999	1.4927387237548828e-05	1717190.6501054775	1250765.7766342165	416921.9255447388	207938.5042190552	415877.0084381104	1044.917106628418	0.0	1.41300967803109	0.8795916348750664	14.936532073033964	7.303066729931753	0.3103978574074518	2.607342002222595	0.00015597882281781494	41.587700843811035	94658.87469421039	58924.68794957724	1000612.6213073734	489239.4505289837	20793.85042190552	174668.34354400638	10.44917106628418	2786000.0	70000000.0
31	1.03	1.5003681182861326e-05	1725967.219471931	1257158.4463119505	419052.81543731684	209001.27887725824	418002.5577545165	1050.2576828002927	0.0	1.4202315770403526	0.8886058057317088	14.677569540419265	7.3236467237033365	0.31357885550846715	2.634062386271124	0.00015757731432586292	41.80025577545165	94658.87469421039	59225.85230261766	978264.5579796392	488123.3234993771	20900.127887725823	175561.0742568969	10.502576828002928	2786000.0	70000000.0
32	1.06	1.5077590942382813e-05	1734469.5210456848	1263351.3450622554	421117.1150207518	210030.84182739252	420061.68365478504	1055.4313659667969	0.0	1.4272277917055762	0.8973821061256232	14.429981813470107	7.337929282879946	0.31667591183577304	2.6600776594204936	0.00015913362403807696	42.006168365478516	94658.87469421039	59517.605269625645	957048.2359292366	486677.83274668705	21003.08418273925	176425.9071350097	10.554313659667969	2786000.0	70000000.0
33	1.09	1.5146732330322264e-05	1742423.2870340329	1269144.7019577015	423048.2339859005	210993.98136138893	421987.96272277785	1060.2712631225586	0.0	1.4337726376827207	0.9056312365684599	14.188276467064627	7.357192094132162	0.31958693589899634	2.6845302615515685	0.0001605964502005008	42.19879627227783	94658.8746942104	59790.53546456852	936721.9382797896	485728.0061260335	21099.398136138894	177234.9443435667	10.602712631225586	2786000.0000000005	70000000.0
34	1.12	1.5213489532470704e-05	1750102.7852296834	1274738.2879257204	424912.7626419068	211923.90918731692	423847.81837463385	1064.9442672729492	0.0	1.4400917993158258	0.9136317260720006	13.956190522855396	7.372344555214404	0.3224102174101518	2.708245826245275	0.00016201518462821696	42.38478183746338	94658.87469421039	60054.05427347902	917356.3036322595	484592.6070727785	21192.390918731693	178016.08371734622	10.649442672729492	2786000.0	70000000.0
35	1.1500000000000001	1.5275478363037108e-05	1757233.7478399298	1279932.3320388803	426644.11067962676	212787.41359710708	425574.82719421416	1069.2834854125974	0.0	1.4459595922608517	0.9210922556835386	13.72860848278332	7.394480983315235	0.3250429532329237	2.730360807156559	0.00016333816745373037	42.55748271942138	94658.87469421039	60298.750310324474	898735.094018605	484075.2484195884	21278.741359710708	178741.42742156994	10.692834854125975	2786000.0	70000000.0
36	1.1800000000000002	1.53350830078125e-05	1764090.4426574716	1284926.6052246096	428308.8684082032	213617.70629882815	427235.4125976563	1073.4558105468748	0.0	1.4516017008618383	0.9282944509268645	13.509241546952104	7.414327874706004	0.32758452580310404	2.751710016746074	0.00016461533959954972	42.72354125976562	94658.87469421039	60534.03496113731	880936.9691751773	483487.95183754497	21361.770629882816	179438.87329101565	10.734558105468748	2786000.0	70000000.0
37	1.21	1.539468765258789e-05	1770947.137475013	1289920.8784103394	429973.6261367798	214447.9990005493	428895.9980010986	1077.6281356811521	0.0	1.4572438094628248	0.9355246942862557	13.301530140867612	7.422524991758423	0.3301359962335936	2.773142368362186	0.0001658974855445194	42.889599800109856	94658.87469421039	60769.31961195013	864033.7784723802	482148.4631103039	21444.799900054928	180136.3191604614	10.776281356811522	2786000.0	70000000.0
38	1.24	1.5449523925781253e-05	1777255.2967071529	1294515.6097412116	431505.20324707055	215211.86828613293	430423.73657226586	1081.4666748046877	0.0	1.462434549375733	0.942201290273006	13.09654492468972	7.440104655814207	0.3324920908198694	2.792933562886903	0.00016708145267330115	43.04237365722657	94658.87469421039	60985.78149069799	847698.9315402127	481575.0110848788	21521.186828613292	180777.96936035165	10.814666748046877	2786000.0	70000000.0
39	1.27	1.5501976013183596e-05	1783289.1881465928	1298910.570144654	432970.190048218	215942.52586364758	431885.05172729515	1085.1383209228518	0.0	1.4673996049446012	0.9486098135856484	12.89793392763367	7.457585513413116	0.3347535856164543	2.811930119178216	0.0001682178822193237	43.1885051727295	94658.87469421039	61192.831983413394	832018.6998525008	481073.2197670053	21594.252586364757	181391.72172546395	10.851383209228517	2786000.0	70000000.0
40	1.3	1.555442810058594e-05	1789323.0795860288	1303305.530548096	434435.1768493653	216673.18344116217	433346.36688232434	1088.8099670410159	0.0	1.4723646605134695	0.9550400573593699	12.709092551480918	7.465419807894497	0.3370227453160625	2.830991060654925	0.00016935816347540827	43.33463668823243	94658.87469421039	61399.88247612867	817072.3133820756	479954.6315440085	21667.31834411622	182005.47409057623	10.888099670410158	2786000.0	70000000.0
41	1.33	1.560211181640625e-05	1794808.4354400637	1307300.94909668	435766.9830322266	217337.4176025391	434674.8352050782	1092.1478271484375	0.0	1.4768783473942584	0.9609045818512956	12.52170622974518	7.484502699760985	0.3390922691323795	2.8483750607119878	0.00017039812519215047	43.46748352050781	94658.87469421039	61588.11019677898	802564.8307800294	479710.87426067085	21733.74176025391	182563.43078613284	10.921478271484375	2786000.0	70000000.0
42	1.36	1.564979553222656e-05	1800293.7912940981	1311296.3676452641	437098.78921508807	218001.65176391607	436003.30352783215	1095.4856872558591	0.0	1.4813920342750475	0.966787057137503	12.34309072741486	7.49502760490203	0.34116812757929443	2.865812271666073	0.00017144127014034888	43.600330352783196	94658.87469421039	61776.337917429286	788706.1975984013	478921.7590394731	21800.16517639161	183121.3874816895	10.954856872558592	2786000.0	70000000.0
43	1.3900000000000001	1.569509506225586e-05	1805504.879355431	1315092.0152664187	438364.0050888062	218632.67421722415	437265.3484344483	1098.6566543579102	0.0	1.4856800368117975	0.9723920355826042	12.16898200934018	7.507645991924238	0.3431460605554549	2.882426908665821	0.00017243520630927378	43.726534843444824	94658.87469421039	61955.15425204708	775336.6233890863	478343.45457256265	21863.267421722416	183651.4463424683	10.986566543579102	2786000.0	70000000.0
44	1.42	1.574039459228516e-05	1810715.9674167645	1318887.6628875735	439629.2209625245	219263.69667053223	438527.39334106445	1101.8276214599612	0.0	1.4899680393485477	0.9780132146195452	12.0026801734996	7.512632227432454	0.3451297105357299	2.899089568500131	0.0001734320153445879	43.85273933410645	94658.87469421039	62133.97058666489	762539.9797399282	477283.6019698402	21926.369667053223	184181.50520324707	11.018276214599611	2786000.0	70000000.0
45	1.45	1.5780925750732425e-05	1815378.5198926933	1322283.7686538699	440761.2562179566	219828.29570770267	439656.59141540533	1104.6648025512698	0.0	1.4938046731972185	0.983056422957591	11.836547568308356	7.530757317335481	0.3469094012473307	2.914038970477578	0.0001743263322850908	43.965659141540534	94658.87469421039	62293.96414921763	750054.068770902	477206.30819050415	21982.829570770267	184655.76839447024	11.046648025512697	2786000.0	70000000.0
46	1.48	1.582145690917969e-05	1820041.0723686211	1325679.8744201658	441893.2914733886	220392.894744873	440785.789489746	1107.5019836425784	0.0	1.4976413070458898	0.9881126007445051	11.677520334465166	7.542053375967003	0.3486936687295383	2.9290268173281215	0.00017522294911032082	44.078578948974624	94658.8746942104	62453.957711770345	738081.2273798761	476697.7794308605	22039.289474487297	185130.0315856933	11.075019836425783	2786000.0000000005	70000000.0
47	1.51	1.5861988067626953e-05	1824703.6248445509	1329075.980186462	443025.3267288206	220957.4937820434	441914.9875640868	1110.3391647338867	0.0	1.5014779408945604	0.9931817479802888	11.525175793434656	7.546875664635933	0.3504825129823529	2.9440531090517643	0.0001761218658202779	44.1914987564087	94658.8746942104	62613.95127432312	726590.8752608771	475783.71843807533	22095.74937820434	185604.29477691645	11.103391647338867	2786000.0000000005	70000000.0
48	1.54	1.5900135040283203e-05	1829091.9095277786	1332272.31502533	444090.77167511004	221488.88111114514	442977.7622222903	1113.0094528198242	0.0	1.5050888903991915	0.9979645576087818	11.375712427200508	7.555741920596545	0.3521703119588439	2.9582306204542888	0.00017697000600946922	44.297776222229004	94658.87469421039	62764.533450843366	715447.5354064597	475199.8584574265	22148.888111114513	186050.6601333619	11.130094528198242	2786000.0	70000000.0
49	1.57	1.593589782714844e-05	1833205.926418305	1335268.8789367673	445089.6263122558	221987.0567321777	443974.1134643554	1115.5128479003906	0.0	1.5084741555597836	1.0024588755346706	11.228923523160095	7.568968219353207	0.35375630550333875	2.9715529662280455	0.00017776698769012	44.39741134643555	94658.87469421039	62905.70424133111	704630.742801982	474963.40033372276	22198.70567321777	186469.12765502927	11.155128479003906	2786000.0	70000000.0
50	1.6	1.597166061401367e-05	1837319.94330883	1338265.4428482053	446088.4809494018	222485.23235321042	444970.46470642084	1118.016242980957	0.0	1.5118594207203755	1.0069632907823425	11.087929259779017	7.576656934064649	0.35534586227754505	2.9849052431313785	0.00017856575993846488	44.49704647064209	94658.87469421039	63046.87503181881	694225.1984775066	474381.28803067765	22248.52323532104	186887.59517669675	11.18016242980957	2786000.0	70000000.0
51	1.6300000000000001	1.600503921508789e-05	1841159.6924066553	1341062.2358322148	447020.74527740496	222950.19626617443	445900.39253234887	1120.3527450561523	0.0	1.515019001536928	1.0111765217082687	10.9491479633356	7.589271495287082	0.35683266342516634	2.997394372771397	0.00017931289619355084	44.59003925323486	94658.87469421039	63178.634436274064	684106.2877880286	474180.1249779322	22295.019626617443	187278.1648635865	11.203527450561523	2786000.0	70000000.0
52	1.6600000000000001	1.6038417816162112e-05	1844999.441504479	1343859.028816223	447953.00960540766	223415.16017913815	446830.3203582763	1122.6892471313479	0.0	1.5181785823534808	1.0153985485233923	10.815638173263228	7.596874160027247	0.35832256854178013	3.009909575750953	0.00018006159223205037	44.683032035827644	94658.87469421039	63310.39384072926	674358.1753035624	473667.3060338772	22341.516017913815	187668.73455047605	11.226892471313478	2786000.0	70000000.0
53	1.69	1.607179641723633e-05	1848839.190602302	1346655.8218002312	448885.2739334104	223880.1240921019	447760.2481842038	1125.0257492065432	0.0	1.5213381631700336	1.0196293712277136	10.687119655599746	7.599700464930298	0.35981557762738686	3.0224508520700497	0.00018081184805396339	44.776024818420424	94658.8746942104	63442.15324518444	664961.1143741378	472859.4282578105	22388.01240921019	188059.3042373656	11.250257492065431	2786000.0000000005	70000000.0
54	1.72	1.6102790832519533e-05	1852404.671907424	1349252.8438568115	449750.9479522705	224311.87629699707	448623.75259399414	1127.1953582763672	0.0	1.5242720596425463	1.023565868221289	10.560204399732443	7.608172643293448	0.361204722526054	3.0341196692188537	0.00018150991081711257	44.86237525939942	94658.87469421039	63564.50126360712	655799.6380606364	472475.4064325774	22431.187629699707	188421.97608947754	11.271953582763672	2786000.0	70000000.0
55	1.75	1.6133785247802738e-05	1855970.1532125473	1351849.8659133918	450616.6219711306	224743.6285018922	449487.2570037844	1129.3649673461916	0.0	1.5272059561150595	1.0275099494254496	10.437860810017705	7.612301203506393	0.36259654380614875	3.0458109679716494	0.00018220931849555208	44.948725700378425	94658.87469421039	63686.84928202985	646956.7215442661	471823.6350978524	22474.36285018922	188784.64794158944	11.293649673461916	2786000.0	70000000.0
56	1.78	1.6162395477294923e-05	1859261.3667249682	1354247.1170425422	451415.7056808474	225142.1689987184	450284.3379974368	1131.3676834106445	0.0	1.5299141682435324	1.0311573713156068	10.316814160341547	7.62248729530872	0.3638836773973256	3.0566228901375347	0.00018285611929513837	45.02843379974366	94658.87469421036	63799.785914420034	638322.096179041	471618.65987110994	22514.21689987184	189119.42195892346	11.313676834106445	2786000.0	70000000.0
57	1.81	1.619100570678711e-05	1862552.5802373872	1356644.3681716914	452214.7893905638	225540.70949554438	451081.41899108875	1133.3703994750977	0.0	1.5326223803720063	1.0348112554917044	10.199972128374732	7.628712405240932	0.36517309145551724	3.067453968226345	0.00018350406605804892	45.10814189910889	94658.87469421039	63912.72254681016	629977.6748333185	471169.7681659794	22554.070949554436	189454.19597625727	11.333703994750977	2786000.0	70000000.0
58	1.84	1.621723175048828e-05	1865569.5259571085	1358841.8483734136	452947.28279113787	225906.03828430187	451812.07656860375	1135.2062225341797	0.0	1.5351049081564403	1.038166326258488	10.084164112442831	7.641358367949266	0.36635705766912013	3.077399284420609	0.00018409902395433164	45.18120765686035	94658.87469421039	64016.24779316791	621817.8458317468	471187.5914160994	22590.603828430187	189761.07215881356	11.352062225341797	2786000.0	70000000.0
59	1.87	1.624584197998047e-05	1868860.739469527	1361239.099502563	453746.3665008543	226304.57878112787	452609.15756225574	1137.2089385986328	0.0	1.5378131202849141	1.04183259648264	9.975165733618947	7.640172469434363	0.3676508426224244	3.088267078028365	0.000184749167146947	45.260915756225586	94658.87469421039	64129.184425558014	614013.4654708084	470284.7952632584	22630.457878112786	190095.8461761474	11.372089385986328	2786000.0	70000000.0
60	1.9	1.627206802368164e-05	1871877.6851892471	1363436.579704285	454478.8599014283	226669.90756988525	453339.8151397705	1139.0447616577148	0.0	1.5402956480693482	1.0451990211268063	9.86690167970039	7.645727515588406	0.3688388154898803	3.0982460501149944	0.00018534613843712577	45.33398151397705	94658.87469421039	64232.70967191573	606370.4788684845	469868.21247681335	22666.990756988525	190402.7223587036	11.390447616577148	2786000.0	70000000.0
61	1.93	1.6295909881591796e-05	1874620.3631162646	1365434.2889785767	455144.7629928589	227002.02465057373	454004.04930114746	1140.7136917114258	0.0	1.5425524915097426	1.0482641192504558	9.759309080122907	7.658174203444533	0.36992045366446286	3.107331810781488	0.0001858896752082728	45.40040493011474	94658.87469421039	64326.82353224088	598880.8941038161	469944.5602663383	22700.202465057373	190681.70070648193	11.407136917114258	2786000.0	70000000.0
62	1.96	1.632213592529297e-05	1877637.308835983	1367631.7691802979	455877.2563934326	227367.35343933105	454734.7068786621	1142.549514770508	0.0	1.545035019294177	1.0516409104783193	9.657972216427881	7.657221965949465	0.371112084781089	3.1173415121611474	0.0001864884848146176	45.47347068786622	94658.87469421039	64430.348778598534	591710.0715637207	469131.1235855931	22736.735343933105	190988.5768890381	11.42549514770508	2786000.0	70000000.0
63	1.99	1.6345977783203126e-05	1880379.9867629996	1369629.47845459	456543.15948486334	227699.4705200196	455398.9410400392	1144.2184448242188	0.0	1.5472918627345718	1.0547154327689663	9.557059852070337	7.663431206770274	0.37219704863673553	3.1264552085485784	0.0001870336927822791	45.53989410400391	94658.8746942104	64524.46263892366	584673.4884156655	468826.72351635626	22769.94705200196	191267.55523681646	11.442184448242188	2786000.0000000005	70000000.0
64	2.02	1.6367435455322267e-05	1882848.396897317	1371427.4168014533	457142.4722671511	227998.37589263922	455996.75178527844	1145.7204818725586	0.0	1.5493230218309268	1.057486339812828	9.456526741069169	7.676928913630147	0.3731748701341077	3.1346689091265048	0.0001875250603688983	45.59967517852784	94658.87469421039	64609.16511321636	577764.7186623944	469036.7611093165	22799.837589263923	191518.63574981695	11.457204818725586	2786000.0	70000000.0
65	2.05	1.6391277313232425e-05	1885591.0748243337	1373425.126075745	457808.3753585817	228330.49297332767	456660.98594665533	1147.3894119262698	0.0	1.5515798652713217	1.0605693887307595	9.361777450816879	7.677394686983265	0.37426284293928813	3.1438078806900207	0.0001880717803715016	45.666098594665534	94658.87469421039	64703.2789735415	571143.8634046696	468382.94174825674	22833.049297332767	191797.61409759524	11.473894119262697	2786000.0	70000000.0
66	2.08	1.6412734985351563e-05	1888059.484958649	1375223.0644226072	458407.6881408691	228629.39834594724	457258.7966918945	1148.8914489746094	0.0	1.5536110243676766	1.063347969739175	9.267202227693778	7.685377725767695	0.3752433724912407	3.1520443289264217	0.0001885645087895682	45.72587966918945	94658.87469421039	64787.98144783412	564634.8543350511	468256.9804866116	22862.939834594723	192048.69461059567	11.488914489746094	2786000.0	70000000.0
67	2.11	1.6434192657470705e-05	1890527.8950929637	1377021.0027694704	459007.0009231568	228928.3037185669	457856.6074371338	1150.3934860229494	0.0	1.555642183464032	1.066130185783433	9.17543148884046	7.690763407637786	0.37622518480588957	3.1602915523694723	0.00018905788181200483	45.785660743713386	94658.87469421039	64872.68392212674	558313.4918811764	467973.3022444334	22892.83037185669	192299.7751235962	11.503934860229494	2786000.0	70000000.0
68	2.14	1.6455650329589846e-05	1892996.3052272804	1378818.941116334	459606.3137054446	229227.20909118664	458454.4181823733	1151.8955230712893	0.0	1.5576733425603873	1.068916036863534	9.08634745090731	7.693650729498851	0.3772082798832346	3.1685495510191704	0.0001895518994388113	45.84544181823731	94658.87469421039	64957.38639641941	552171.884362943	467538.5399788459	22922.720909118663	192550.85563659677	11.518955230712892	2786000.0	70000000.0
69	2.17	1.647472381591797e-05	1895190.4475688937	1380417.1085357664	460139.0361785888	229492.90275573728	458985.80551147455	1153.230667114258	0.0	1.5594788173127023	1.0713954005697621	8.997234535497096	7.704359329447053	0.3780832190614092	3.175899040115837	0.00018999156736754236	45.89858055114746	94658.87469421036	65032.677484679516	546123.5427087353	467647.2525750664	22949.290275573727	192774.0383148193	11.53230667114258	2785999.9999999995	70000000.0
70	2.2	1.649618148803711e-05	1897658.8577032087	1382215.046882629	460738.3489608763	229791.80812835682	459583.61625671363	1154.7327041625977	0.0	1.561509976409058	1.0741881178286747	8.913223832377067	7.702528825169421	0.37906873713495753	3.1841773919336434	0.00019048680258038075	45.958361625671394	94658.8746942104	65117.37995897214	540320.4274177549	466927.98759247584	22979.180812835682	193025.11882781974	11.547327041625977	2786000.0000000005	70000000.0
71	2.23	1.6515254974365237e-05	1899853.000044822	1383813.2143020632	461271.07143402105	230057.50179290771	460115.00358581543	1156.0678482055666	0.0	1.5633154511613738	1.076673584804959	8.829033714460946	7.708696535398648	0.37994583008753585	3.191544972735301	0.000190927552807807	46.01150035858155	94658.87469421039	65192.671047232245	534598.6924310437	466762.18728466413	23005.75017929077	193248.30150604248	11.560678482055666	2786000.0	70000000.0
72	2.2600000000000002	1.6534328460693358e-05	1902047.1423864353	1385411.381721496	461803.79390716535	230323.19545745844	460646.3909149169	1157.4029922485352	0.0	1.5651209259136893	1.0791619239083274	8.74717204499233	7.712717406625323	0.3808239365810094	3.198921067280479	0.00019136881235226608	46.064639091491706	94658.8746942104	65267.962135492344	529030.9833741819	466466.928182815	23032.319545745842	193471.48418426508	11.574029922485352	2786000.0000000005	70000000.0
73	2.29	1.6553401947021486e-05	1904241.2847280498	1387009.5491409295	462336.5163803098	230588.88912200913	461177.77824401826	1158.7381362915041	0.0	1.5669264006660053	1.0816531351387826	8.667547432697592	7.714668253214887	0.38170305661537873	3.2063056755691814	0.00019181058121375832	46.11777782440187	94658.8746942104	65343.253223752494	523611.2468263465	466047.29818712675	23058.888912200913	193694.66686248768	11.58738136291504	2786000.0000000005	70000000.0
74	2.32	1.6570091247558594e-05	1906161.1592769644	1388407.9456329348	462802.6485443116	230821.37107849124	461642.7421569825	1159.9063873291016	0.0	1.5685061910742812	1.0838353010071808	8.587601783338235	7.724854959129476	0.3824731180657182	3.212774191752033	0.00019219754676669254	46.16427421569824	94658.87469421039	65409.132925980186	518259.1728095351	466192.6626546273	23082.137107849125	193889.95170593265	11.599063873291016	2786000.0	70000000.0
75	2.35	1.658916473388672e-05	1908355.3016185767	1390006.1130523684	463335.3710174561	231087.06474304202	462174.12948608404	1161.2415313720703	0.0	1.570311665826597	1.086331897475919	8.512220229272078	7.7228836813734185	0.38335413848926697	3.2201747633098425	0.00019264027059762157	46.2174129486084	94658.87469421039	65484.424014240256	513119.2779033744	465537.8257591155	23108.706474304203	194113.1343841553	11.612415313720703	2786000.0	70000000.0
76	2.38	1.660585403442383e-05	1910275.1761674886	1391404.5095443726	463801.5031814575	231319.5466995239	462639.0933990478	1162.409782409668	0.0	1.5718914562348734	1.088518775427815	8.436405421706436	7.729287060093972	0.384125862780138	3.2266572473531596	0.00019302807174881312	46.26390933990479	94658.87469421039	65550.30371646785	508038.03310674784	465455.558267055	23131.95466995239	194308.41922760007	11.62409782409668	2786000.0	70000000.0
77	2.41	1.6622543334960937e-05	1912195.0507164004	1392802.9060363774	464267.63534545916	231552.02865600592	463104.05731201184	1163.5780334472656	0.0	1.5734712466431495	1.0907078523520104	8.362552763417483	7.733895953503112	0.38489836306325753	3.233146249731363	0.000193416262845858	46.31040573120117	94658.87469421039	65616.18341869545	503085.0330724757	465265.50105223636	23155.202865600593	194503.70407104498	11.635780334472656	2786000.0	70000000.0
78	2.44	1.663923263549805e-05	1914114.9252653122	1394201.302528382	464733.7675094607	231784.51061248794	463569.0212249759	1164.7462844848633	0.0	1.575051037051426	1.0928991282485057	8.290589966130401	7.736771119895817	0.3856716393386253	3.2396417704444525	0.00019380484388875632	46.356902122497566	94658.87469421039	65682.06312092305	498255.5474609629	464971.62996508816	23178.451061248794	194698.98891448986	11.647462844848633	2786000.0	70000000.0
79	2.47	1.6653537750244143e-05	1915760.532021523	1395399.928092957	465133.309364319	231983.78086090094	463967.5617218019	1165.74764251709	0.0	1.5764051431156627	1.0947791149336585	8.218095015674995	7.74820785282565	0.38633506520113786	3.245214547689558	0.00019413822371916473	46.39675617218018	94658.87469421039	65738.53143711816	493474.42801182094	465258.971938984	23198.378086090095	194866.3759231568	11.6574764251709	2786000.0	70000000.0
80	2.5	1.666545867919922e-05	1917131.870985032	1396398.7827301025	465466.2609100342	232149.83940124512	464299.67880249023	1166.5821075439453	0.0	1.57753356483586	1.0963470046217263	8.145069174645414	7.768258466167937	0.3868883555924186	3.249862186976316	0.00019441625909166763	46.42996788024903	94658.87469421039	65785.58836728075	488739.5739555359	466129.2926707016	23214.98394012451	195005.8650970459	11.665821075439453	2786000.0	70000000.0
81	2.53	1.6679763793945314e-05	1918777.4777412417	1397597.4082946777	465865.8027648926	232349.1096496582	464698.2192993164	1167.583465576172	0.0	1.5788876709000967	1.0982299531879351	8.076131506002483	7.776509595086921	0.3875528266689799	3.255443744019431	0.0001947501641552663	46.46982192993165	94658.87469421039	65842.05668347582	484187.4025178993	466224.2038409298	23234.91096496582	195173.2521057129	11.67583465576172	2786000.0	70000000.0
82	2.56	1.6691684722900395e-05	1920148.8167047505	1398596.2629318247	466198.7543106082	232515.1681900026	465030.3363800052	1168.4179306030276	0.0	1.5800160926202946	1.0998003111102166	8.00658073229515	7.793476323805257	0.3881069880719682	3.2600986998045327	0.00019502863722209448	46.50303363800051	94658.8746942104	65889.1136136384	479674.8120523992	466907.71202459186	23251.51681900026	195312.74127960217	11.684179306030275	2786000.0000000005	70000000.0
83	2.59	1.670598983764649e-05	1921794.4234609592	1399794.8884963987	466598.29616546625	232714.43843841547	465428.87687683094	1169.4192886352544	0.0	1.5813701986845314	1.1016862215574814	7.9409542859374875	7.798748661745997	0.3887725043625778	3.2656890366456537	0.0001953630675188835	46.54288768768313	94658.8746942104	65945.58192983344	475335.7546071748	466823.5008841997	23271.443843841545	195480.12828826898	11.694192886352544	2786000.0000000005	70000000.0
84	2.62	1.6717910766601564e-05	1923165.762424468	1400793.7431335445	466931.24771118147	232880.4969787597	465760.9939575194	1170.2537536621094	0.0	1.5824986204047282	1.103259047713976	7.874641896529031	7.812830437921553	0.38932753677727294	3.2703513089290928	0.0001956419782800367	46.57609939575195	94658.87469421039	65992.63885999602	471030.2624811651	467332.9429135214	23288.04969787597	195619.61746215814	11.702537536621094	2786000.0	70000000.0
85	2.65	1.6729831695556644e-05	1924537.101387979	1401792.5977706916	467264.1992568972	233046.55551910412	466093.11103820824	1171.088218688965	0.0	1.5836270421249259	1.1048329957951153	7.809876645444927	7.825537712271982	0.38988296510638093	3.2750169068935997	0.0001959210879931562	46.60931110382082	94658.8746942104	66039.69579015867	466823.38397457934	467759.5001957135	23304.65555191041	195759.10663604745	11.71088218688965	2786000.0000000005	70000000.0
86	2.68	1.6741752624511722e-05	1925908.4403514864	1402791.4524078367	467597.15080261225	233212.61405944818	466425.22811889637	1171.9226837158205	0.0	1.5847554638451224	1.1064080658008948	7.746606616534512	7.836914120322084	0.39043878934990056	3.2796858305391647	0.00019620039665824157	46.64252281188965	94658.87469421036	66086.75272032121	462711.8074360177	468105.956173788	23321.261405944817	195898.59580993647	11.719226837158205	2785999.9999999995	70000000.0
87	2.71	1.67536735534668e-05	1927279.7793149946	1403790.307044983	467930.10234832764	233378.67259979245	466757.3451995849	1172.757148742676	0.0	1.5858838855653203	1.1079842577313175	7.684782192517305	7.847001365395961	0.39099500950783295	3.2843580798657968	0.000196479904275293	46.6757345199585	94658.87469421039	66133.80965048377	458692.3678554732	468374.97103864717	23337.867259979244	196038.08498382565	11.72757148742676	2786000.0	70000000.0
88	2.7399999999999998	1.6765594482421877e-05	1928651.118278503	1404789.1616821284	468263.0538940428	233544.7311401366	467089.4622802732	1173.5916137695315	0.0	1.5870123072855176	1.1095615715863827	7.624355929132379	7.855839324394946	0.3915516255801775	3.289033654873491	0.00019675961084431043	46.70894622802735	94658.87469421039	66180.86658064634	454762.03883651376	468569.08847649343	23354.47311401366	196177.57415771476	11.735916137695314	2786000.0	70000000.0
89	2.77	1.6777515411376954e-05	1930022.4572420123	1405788.0163192747	468596.00543975824	233710.7896804809	467421.5793609618	1174.4260787963867	0.0	1.5881407290057148	1.111140007366091	7.565282437465868	7.8634661467011355	0.3921086375669346	3.2937125555622506	0.00019703951636529382	46.74215793609619	94658.87469421039	66227.92351080893	450917.92509013554	468690.7419777342	23371.07896804809	196317.06333160395	11.744260787963867	2786000.0	70000000.0
90	2.8	1.6787052154541015e-05	1931119.5284128191	1406587.1000289917	468862.36667633057	233843.63651275635	467687.2730255127	1175.093650817871	0.0	1.5890434663818724	1.1124035637756	7.505386213286159	7.880135990086891	0.39255453221471726	3.297458070603625	0.0001972635840274961	46.76872730255127	94658.87469421039	66265.569054939	447093.75679492956	469417.4961477831	23384.363651275635	196428.65467071533	11.750936508178711	2786000.0	70000000.0
91	2.83	1.6798973083496096e-05	1932490.8673763282	1407585.9546661386	469195.3182220462	234009.69505310073	468019.39010620146	1175.9281158447268	0.0	1.59017188810207	1.1139840190196655	7.448907321846478	7.885448613188213	0.39311225684741685	3.3021429575183014	0.00019754384766201843	46.801939010620124	94658.87469421039	66312.6259851016	443414.44472963334	469400.633836074	23400.969505310073	196568.1438446046	11.759281158447267	2786000.0	70000000.0
92	2.86	1.6808509826660156e-05	1933587.9385471323	1408385.0383758545	469461.67945861816	234142.54188537595	468285.0837707519	1176.595687866211	0.0	1.5910746254782278	1.1152491910006581	7.391558882949193	7.8998702928728255	0.3935587216119529	3.305893261540404	0.00019776820181505173	46.828508377075195	94658.87469421039	66350.27152923156	439750.9927516217	469992.3059415271	23414.254188537594	196679.7351837158	11.76595687866211	2786000.0	70000000.0
93	2.89	1.6820430755615237e-05	1934959.2775106444	1409383.8930130012	469794.6310043337	234308.6004257203	468617.2008514406	1177.4301528930666	0.0	1.5922030471984252	1.116831665709082	7.337513605349959	7.903004025826953	0.3941171588905947	3.310584134680996	0.00019804882356311287	46.86172008514405	94658.87469421039	66397.32845939425	436226.2603114635	469845.5194548843	23430.86004257203	196819.22435760507	11.774301528930666	2786000.0	70000000.0
94	2.92	1.6829967498779298e-05	1936056.3486814506	1410182.976722717	470060.9922409057	234441.44725799555	468882.8945159911	1178.0977249145508	0.0	1.593105784574583	1.1180984532615612	7.282557179573751	7.915308468311875	0.39456419377188456	3.3143392276838304	0.00019827346420697722	46.88828945159912	94658.87469421039	66434.97400352429	432713.68052861455	470310.3834802999	23444.144725799553	196930.81569671625	11.780977249145508	2786000.0	70000000.0
95	2.95	1.6839504241943358e-05	1937153.4198522551	1410982.0604324338	470327.35347747797	234574.29409027097	469148.58818054193	1178.7652969360352	0.0	1.5940085219507407	1.119365958845811	7.228750493824495	7.926599109783561	0.39501148203839864	3.3180964491225486	0.00019849823218009988	46.9148588180542	94658.87469421039	66472.61954765426	429273.3556739354	470714.5172385903	23457.429409027096	197042.4070358276	11.787652969360352	2786000.0	70000000.0
96	2.98	1.6849040985107422e-05	1938250.4910230637	1411781.1441421506	470593.71471405023	234707.14092254633	469414.28184509266	1179.4328689575195	0.0	1.5949112593268986	1.1206341824618347	7.1760588474255025	7.936905116160625	0.39545902369013664	3.321855798997148	0.00019872312748248078	46.94142818450928	94658.87469421039	66510.26509178439	425903.1035516085	471059.75486533146	23470.71409225463	197153.9983749389	11.794328689575195	2786000.0	70000000.0
97	3.0	1.685619354248047e-05	1939073.2944011686	1412380.4569244382	470793.48564147943	234806.77604675287	469613.55209350574	1179.9335479736328	0.0	1.595588312359017	1.1215858213822012	7.142207501260598	7.939840045329661	0.3957948462129933	3.324676708189144	0.00019889188251909218	46.961355209350586	94658.87469421039	66538.49924988192	423714.1370773314	471033.98672540847	23480.677604675286	197237.6918792724	11.799335479736328	2786000.0	70000000.0
98	3.6315789473684212	1.7023086547851564e-05	1958272.0398902895	1426364.4218444824	475454.80728149414	237131.59561157227	474263.19122314453	1191.6160583496094	0.0	1.6113862164417796	1.1439053902225689	6.228636413514165	8.104720611102422	0.4036711675325933	3.3908378072737837	0.0002028498329309514	47.42631912231446	94658.87469421039	67197.296272158	365893.48212532373	476101.7097763212	23713.159561157227	199190.5403137207	11.916160583496094	2786000.0	70000000.0
99	4.2631578947368425	1.714468002319336e-05	1972259.6973180766	1436552.739143371	478850.91304779035	238825.39272308338	477650.78544616676	1200.1276016235352	0.0	1.6228961179877923	1.1603052583170856	5.564383185156882	8.214565033017353	0.4094584939650756	3.439451349306635	0.00020575803716837981	47.7650785446167	94658.87469421039	67677.27695981624	324554.50773239124	479132.0119071731	23882.53927230834	200613.32988739005	12.001276016235352	2786000.0	70000000.0
100	4.894736842105263	1.7235279083251955e-05	1982681.8734407404	1444144.0343856805	481381.3447952268	240087.4376296996	480174.8752593992	1206.4695358276367	0.0	1.631472123061292	1.1726006548605328	5.058336143710286	8.300736301567015	0.41379739919307196	3.4758981532218045	0.00020793839155430763	48.01748752593995	94658.87469421039	68034.90962905176	293487.33602031576	481613.1065514973	24008.74376296996	201673.44760894767	12.064695358276367	2786000.0	70000000.0
101	5.526315789473684	1.730442047119141e-05	1990635.6394290915	1449937.3912811284	483312.46376037615	241050.57716369635	482101.1543273927	1211.3094329833987	0.0	1.6380169690384367	1.1820275817931984	4.659632022617191	8.374132742733691	0.4171240542063972	3.5038420553337364	0.0002096100774906518	48.210115432739265	94658.87469421039	68307.83982399474	269274.0869522096	483930.2625982211	24105.057716369636	202482.48481750494	12.113094329833986	2786000.0	70000000.0
102	6.157894736842105	1.7361640930175783e-05	1997218.066453935	1454731.8935394296	484910.63117980986	241847.65815734878	483695.31631469756	1215.314865112305	0.0	1.6434333932953837	1.189857718259003	4.338942811834668	8.425194899781838	0.41988722007317875	3.5270526486147014	0.00021099860305184853	48.369531631469734	94658.87469421039	68533.71308877518	249915.47914651738	485276.4167664729	24184.765815734878	203152.03285217297	12.153148651123049	2786000.0	70000000.0
103	6.789473684210526	1.740694046020508e-05	2002429.1545152667	1458527.541160584	486175.847053528	242478.68061065677	484957.36122131353	1218.4858322143555	0.0	1.647721395832133	1.1960749085430904	4.073968936581536	8.473733067028892	0.42208119562587865	3.5454820432573806	0.00021210110332958723	48.49573612213134	94658.87469421036	68712.52942339293	234042.79148855884	486801.97915315087	24247.868061065677	203682.0917129517	12.184858322143555	2785999.9999999995	70000000.0
104	7.421052631578947	1.7447471618652345e-05	2007091.7069911994	1461923.646926881	487307.88230896037	243043.27964782732	486086.55929565465	1221.3230133056643	0.0	1.6515580296808048	1.2016513901022707	3.8531656702679524	8.502572395205794	0.42404907237596523	3.562012207958108	0.00021308998611857538	48.608655929565444	94658.8746942104	68872.5229859458	220843.7849612948	487324.0421905061	24304.327964782733	204156.35490417495	12.213230133056642	2786000.0000000005	70000000.0
105	8.052631578947368	1.7478466033935547e-05	2010657.1882963153	1464520.6689834585	488173.55632781953	243475.031852722	486950.063705444	1223.4926223754883	0.0	1.6544919261533175	1.2059245093656155	3.663966584557153	8.541151548234913	0.4255570074349177	3.574678862453309	0.00021384774242960702	48.695006370544434	94658.87469421039	68994.87100436828	209627.46830547546	488667.11367300345	24347.5031852722	204519.02675628648	12.234926223754883	2786000.0	70000000.0
106	8.68421052631579	1.7507076263427736e-05	2013948.4018087396	1466917.92011261	488972.6400375367	243873.57234954837	487747.14469909674	1225.4953384399416	0.0	1.6572001382817911	1.2098756586950263	3.502015077218217	8.565649140685341	0.4269513229758105	3.5863911129968082	0.00021454840350543242	48.774714469909675	94658.87469421039	69107.80763675859	200034.26183353772	489267.8258664454	24387.357234954838	204853.80077362063	12.254953384399416	2786000.0	70000000.0
107	9.31578947368421	1.753091812133789e-05	2016691.0797357562	1468915.6293869019	489638.5431289673	244205.68943023682	488411.37886047363	1227.1642684936523	0.0	1.6594569817221856	1.2131732196046272	3.3607811037237583	8.591011239771767	0.42811499461663516	3.5961659547797353	0.00021513316312393727	48.84113788604736	94658.87469421039	69201.92149708372	191705.93807252788	490049.1337823974	24420.56894302368	205132.77912139893	12.271642684936523	2786000.0	70000000.0
108	9.94736842105263	1.7552375793457032e-05	2019159.4898700716	1470713.5677337644	490237.8559112548	244504.59480285642	489009.18960571283	1228.6663055419924	0.0	1.6614881408185411	1.216144861405546	3.237058509216695	8.61073599872583	0.4291636531206677	3.6049746862136085	0.0002156601271963155	48.9009189605713	94658.8746942104	69286.62397137635	184422.81246185303	490573.8174735091	24450.45948028564	205383.85963439938	12.286663055419924	2786000.0000000005	70000000.00000001
109	10.578947368421051	1.757144927978516e-05	2021353.6322116859	1472311.7351531994	490770.5783843998	244770.2884674074	489540.5769348148	1230.0014495849612	0.0	1.6632936155708569	1.2187893724191692	3.1276458645379566	8.627594281384262	0.4300968709003432	3.6128137155628828	0.00021612908085444368	48.95405769348146	94658.87469421039	69361.91505963649	177995.89633941665	491000.7219102731	24477.02884674074	205607.04231262222	12.300014495849611	2786000.0	70000000.0
110	11.210526315789473	1.7588138580322268e-05	2023273.506760596	1473710.131645202	491236.71054840065	245002.77042388904	490005.5408477781	1231.169700622559	0.0	1.6648734059791332	1.2211056755978371	3.0300632336279794	8.643741640786136	0.4309142678778243	3.619679850173724	0.0002165398331044345	49.000554084777846	94658.8746942104	69427.79476186403	172278.79003739686	491452.89601349935	24500.277042388905	205802.3271560668	12.311697006225591	2786000.0000000005	70000000.00000001
111	11.842105263157894	1.7602443695068362e-05	2024919.1135168069	1474908.7572097776	491636.2524032592	245202.0406723022	490404.0813446044	1232.1710586547854	0.0	1.6662275120433694	1.2230928285248535	2.9423598134701483	8.66087999780007	0.43161551148500615	3.6255702964740517	0.00021689221682663637	49.04040813446045	94658.87469421036	69484.26307805914	167156.32581710815	492027.13826754456	24520.204067230217	205969.71416473383	12.321710586547853	2785999.9999999995	70000000.0
112	12.473684210526315	1.7616748809814457e-05	2026564.720273019	1476107.3827743528	492035.7942581176	245401.3109207153	490802.6218414306	1233.172416687012	0.0	1.6675816181076066	1.2250815970233562	2.8637551001802684	8.67026414152006	0.43231732520894184	3.6314655317551114	0.00021724488703966935	49.08026218414307	94658.87469421039	69540.7313942543	162558.66114097304	492160.28650472517	24540.13109207153	206137.10117340085	12.331724166870119	2786000.0	70000000.0
113	13.105263157894736	1.7628669738769534e-05	2027936.0592365274	1477106.2374114995	492368.7458038332	245567.36946105963	491134.73892211926	1234.0068817138674	0.0	1.6687100398278039	1.2267401382225473	2.7921785596722173	8.683106747047216	0.432902605484742	3.636381886071833	0.00021753899773102608	49.11347389221192	94658.87469421039	69587.78832441686	158388.5001561728	492555.98270986095	24556.736946105964	206276.5903472901	12.340068817138674	2786000.0	70000000.0
114	13.736842105263158	1.7638206481933598e-05	2029033.1304073315	1477905.321121216	492635.10704040533	245700.216293335	491400.43258667	1234.6744537353516	0.0	1.669612777203962	1.2280677789676417	2.7266109523405513	8.700308964507993	0.43337111476375884	3.640317364015574	0.00021777442952952702	49.140043258667006	94658.87469421039	69625.43386854682	154585.4991057824	493264.94581064786	24570.0216293335	206388.1816864014	12.346744537353516	2786000.0	69999999.99999999
115	14.368421052631579	1.7650127410888676e-05	2030404.4693708406	1478904.175758362	492968.05858612066	245866.27483367923	491732.54966735846	1235.508918762207	0.0	1.6707411989241594	1.2297283396311902	2.667653607855633	8.702411698063466	0.43395710768550105	3.645239704558209	0.0002180688983344226	49.17325496673586	94658.8746942104	69672.49079870942	151140.75642365677	493050.92793238396	24586.627483367924	206527.67086029056	12.35508918762207	2786000.0000000005	69999999.99999999
116	15.0	1.7657279968261723e-05	2031227.272748946	1479503.4885406499	493167.82951355	245965.9099578858	491931.8199157716	1236.0095977783205	0.0	1.6714182519562777	1.2307252145531475	2.612400731118216	8.720345608880365	0.4343088934774644	3.6481947052107007	0.00021824567511430368	49.19318199157716	94658.87469421039	69700.72495680697	147950.348854065	493866.8710330724	24596.59099578858	206611.36436462408	12.360095977783205	2786000.0	70000000.0
